<?xml version="1.0" encoding="UTF-8" standalone="yes"?>
<addon id="Manage-Kodi-Favourites" name="[COLOR blue]Manage Kodi Favourites[/COLOR]" version="2.0" provider-name="M-Borsch,MB-K@DI">
  <requires>
    <import addon="xbmc.python" version="3.0.0"/>
  </requires>
  <extension point="xbmc.python.pluginsource" library="default.py">
    <provides>executable</provides>
  </extension>
  <extension point="xbmc.addon.metadata">
    <news>
      [COLOR lavender][B]Manage Kodi Favourites[/B][/COLOR]
      [B]2.0:[/B]
      - Inital Public release
      - Add ability to add Prefixes, Suffixes and Colors and/or Insert/Swap items in Kodi Favourites.
    </news>
    <summary>
Manage your Favourites made easy!
    </summary>
    <description lang="en">
Lets you manage the entries in your [B]Favourites[/B] by either inserting/swapping entries and/or adding a "prefix/suffix" with "coloring".

This Kodi Program Addon allows you to graphically manage your Kodi favourites by inserting or swapping items and/or adding a prefix, suffix and color to you Kodi favourites
Select item "A" and modify the Prefix/Suffix and Colors or slect "A" then "B" and move depending on the Insert/Swap mode. 

Customize the actions in the configuration panel.

Use this to quickly and easily manage your Favourites.
    </description>
    <platform>all</platform>
    <assets>
        <icon>Manage-Kodi-Fav-icon.png</icon>
    </assets>
  </extension>
</addon>
